RevTotal1,RevTotal2,RevTotal3,RevTotal4,RevTotal5,AssetsTotal1,AssetsTotal2,AssetsTotal3,AssetsTotal4,AssetsTotal5,RevTotal6?
10581915,9099362,9969861,7905032,9679234,50895388,57276917,57726814,57408920,52014527,
692157,694253,699029,766957,819289,13243000,13015760,12814414,12546609,12408071,
723325,705854,710536,751044,739391,7286388,7068229,6889882,6425533,6106210,
0,0,0,0,0,0,0,0,0,0,
485906,481980,518288,589416,559776,4394214,4205211,4050702,3780483,3612983,
168695,169674,171469,172696,173452,2671363,2794467,2979294,3094987,3214423,
117024,117260,117244,118584,118168,1254626,1223120,1210879,1203694,1193820,
154939,154859,155930,153077,151274,1817591,1784148,1514613,1475548,1435853,
489880,542680,655905,496926,539296,7732436,7476600,7359197,7167385,7013595,
2357931,2847814,3199959,3233820,3129806,8048793,8369860,8983612,9527259,9851921,
4307933,4172712,4088143,4587836,14106564,19437611,18934977,18264824,17220374,593856,
1614011,1519934,1431879,1298091,1024362,1022063,924797,919348,1043083,1110514,
1351238,1361331,1355199,8629087,54240,2553353,2120693,1948429,4773108,4816789,
0,0,0,0,0,1024832,1024832,1024557,1024307,1024057,
3062023,3263467,3448750,3628194,3469848,15730306,16824402,18201945,19751421,21218337,
2620889,2944309,2854209,2930649,2989381,8035533,8074806,8043095,7974828,7893134,
361144,58266,327925,101071,60229,2724574,2299332,2279081,1986723,1688936,
1823893,1782970,1751369,1933488,1521711,3160378,3137465,3051513,2955441,2742478,
1965770,2502881,2610778,2733392,2775912,1707292,2312612,2417166,3090354,5625234,
1184200,1408215,1416698,1502850,1637072,417075,335807,243529,404037,715320,
1331834,1361833,1766926,1706999,1706893,3718154,3595848,3927559,4083996,4244387,
605292,637879,674082,676362,652953,2156903,1995505,1922934,2052139,1999044,
3783578,5650379,4093610,3420834,3571867,3117165,4726398,5092402,5525764,5756723,
1045068,1260398,961075,3367557,173197,2244723,2388659,2440817,3308697,608913,
434335,542387,356097,670831,470316,1495232,1503917,1292211,1298259,1276564,
762215,794299,759816,787486,802686,606231,622201,562549,531158,499118,
853057,858258,879350,929660,912013,1421061,1318080,1296045,1192109,1191961,
6986295,7210527,7630818,7689639,8530875,8846139,9813525,11199187,10487789,11139037,
349977,462744,226351,247042,246567,945201,333747,387560,438703,544457,
1087085,2372006,2349089,1671187,1542804,12378711,11470664,11193159,10618976,10405666,
182456,219005,184426,190481,233673,600765,627200,626965,635774,678713,
1543798,1504745,1539556,2316269,2287994,9887228,10142206,10523850,11060801,12252185,
4550769,3612092,3639238,3794638,16656581,82830486,85258836,90192255,88755172,101941563,
204315,208589,207711,197067,169853,167548,162291,163631,134472,79315,
512310,837303,933957,1095211,1050877,843756,857704,946942,1018311,1092777,
3538891,4921117,4781421,4663799,5133432,5094371,5667252,6088390,6569050,8427816,
208540,105718,0,118671,95036,326729,292327,359021,223342,232607,
1479799,1509075,1523196,1529997,1582500,4333714,3580000,3098368,2955539,2754097,
20285170,473314,199963,4008,123,19082520,19535317,2338716,2309525,303821,
135790,339843,122052,72785,183642,1807157,1959225,1914944,1813737,1857364,
393046,254596,691756,452859,384491,724425,567152,885834,897213,752034,
1495189,1512610,1534521,1539668,1549639,3555162,3268906,3225838,3164590,3126098,
25403,1814049,1882736,2252962,1965737,9074205,8836105,7782739,7379935,6988499,
104497,111532,119645,126734,132199,3124752,3108593,3144143,3186592,3304606,
3246855,3317093,3368454,3398623,3462124,10077085,8430144,7659502,7206664,6518669,
1487840,1557250,1764340,1931034,1879225,6155204,6146933,6167069,6138740,6186504,
251845,107760,144303,186187,195528,6533871,6425033,6426810,6426226,6425690,
1667623,1719603,1687453,1687632,1671305,4529400,4517556,4240667,4185789,4082393,
371947,337361,701067,232398,81439,229788,467117,1007074,1097049,1261060,
0,0,0,0,971291,0,0,0,0,0,
119601,164840,170394,125546,143984,12715,88091,164931,176424,221213,
746431,964611,878106,1116014,1583486,1520428,1915767,2151662,2484212,5468801,
1314903,119605,135894,72656,68658,1808048,1890671,1992824,1928986,2160494,
5476002,5175718,5278426,5185797,5503787,15837967,14905874,14375381,13290691,12881193,
-287136,-877028,97021,98945,101341,4346954,3541095,3065936,3095864,3119065,
1216142,1050471,918198,850173,2140086,14248335,13807515,14389070,14460464,15709113,
1665501,1580904,1481184,1654219,2038053,8751469,8525686,8240717,8108719,7765582,
2845019,2541595,3005913,3812420,4817659,13176455,6575473,6243341,6636965,6670543,
2748571,2234446,2248296,2694599,2827589,14106693,14903413,14123119,13597240,13441000,
1088719,1052584,1083789,1989083,1216409,14054365,14287401,14758301,14442122,2060301,
620675,680869,733164,992845,914781,8472105,8321145,8309574,8045403,7793230,
325134,240978,389302,166456,289982,1078184,1119053,1253348,1355805,1599107,
286946,293317,292758,322918,323428,1030612,969866,917326,872667,845808,
799206,1045323,134501,105370,105814,4021173,5300473,5372346,3987150,3966935,
26952390,27187002,23819723,7834335,2847,28451611,27448714,26284349,23644747,23628208,
28580302,37312358,38909532,45181344,55038237,46212928,56422119,63816833,67934980,81062318,
0,0,0,0,59848,0,0,0,0,61272,
829773,891394,905740,885693,927076,5893060,5652193,5420101,5353524,5188449,
275643,285279,291760,303326,300768,1759980,1711490,1653110,1602009,1548631,
436387,309519,1615747,77545,60272,459659,391634,1064379,565726,215986,
64003,67398,71175,75525,79318,1698111,1701878,1718958,1777788,1848042,
868956,866319,1179961,1120251,1109419,1880959,1797958,2062828,2198946,2321818,
188040,522489,530550,581365,602744,1257612,1643214,1982500,2357343,2817641,
321258,326958,328758,333662,329285,884889,859744,842929,822002,810892,
3387607,3044069,2801999,3072555,2909865,4836662,5066342,4464112,4642339,4406307,
489020,501654,483441,472224,555165,480380,490876,446473,409862,357327,
1874151,1688949,1943209,2334277,2034133,1564930,1754573,2050936,2249480,2436984,
175265,180605,190576,201641,213513,6211319,6219380,6252601,6411799,6578925,
94539,96220,99171,74658,51193,2324029,2352015,2434918,1705610,1137878,
291298,361547,342934,419637,348810,4385902,4331562,4264575,4196344,4124111,
212000,292763,305592,297577,222182,465934,504421,508897,518573,527005,
497609,500230,497252,501972,665741,6996334,6826551,6342533,6060318,5939085,
321329,330495,319680,328396,337154,3777171,3653588,3589659,3587168,3416011,
236382,242159,244206,254621,260809,2575045,2449540,2354415,2240250,2142477,
573452,597229,613625,640298,659377,10974511,10531086,10226762,9848089,9493896,
920689,920952,939441,922284,899497,7683301,7226608,6886567,6511299,6155462,
1183707,1093836,1216504,5620895,383135,5130603,5047282,4939744,4949465,0,
180818,196150,229882,234561,237140,4798882,4709132,4649161,4576380,4510029,
2195950,2460190,3011857,1950066,1974270,16319483,15817305,15206218,15834368,15042240,
323880,265104,279434,258410,163359,132459,121866,127381,145031,132859,
3883944,3902872,3890336,53700134,28215,17517760,13902775,14236480,5152919,0,
4493250,5006123,5224817,5937291,7188276,7230019,8158616,11926505,13491180,14124069,
265923,259666,257974,274135,276192,2289185,2168948,2064073,1953641,1853205,
593105,597338,599751,635324,640313,6734809,6536847,6330827,6144813,5948260,
1370918,1088826,1366494,1440354,1454363,674210,476782,411762,302235,184507,
1556484,1635900,1623873,1637796,1718076,0,0,0,0,0,
0,0,0,0,68778,0,0,0,0,390338,
597287,445681,487409,444967,517743,446812,525247,601840,619424,674870,
39621152,55352818,181779157,53548072,46318158,236035243,272394689,452931845,517238288,525804145,
2723917,2751906,2944109,3167556,3794581,7532621,7738769,9067246,8476426,8645642,
515784,539869,549994,557730,583649,1460939,1441180,1379325,1308504,1263401,
3693363,3986049,3983304,4291062,4131444,9066639,8981234,8415337,8284009,8413331,
1041241,1146975,1187484,1185042,1191832,3048433,2973196,2941808,2812559,2810868,
1826029,1826566,1868619,2208187,2284816,3478875,3316136,2924514,2769925,2894558,
2416872,349227,256690,277078,292699,21717756,6454894,6258830,6535908,6836622,
6201979,9430486,5675492,4234157,4191872,23991894,22391331,16711029,12442071,13456993,
1023446,1176790,1286542,1323684,1334848,3549957,3447119,3448758,3454779,3493426,
1096993,1097368,1285066,1305752,1093294,4835851,4657933,4479621,4312357,4150641,
50810,56505,51680,40617,28517,1277450,1331121,1382801,1423418,1451935,
0,0,0,2,0,0,0,0,1358682,140557,
1228290,1855303,1645837,1627073,1713898,12114194,11644785,11706692,11807709,11995563,
866020,866166,1119062,1277502,1275686,7144997,6903165,6835592,6838274,6864273,
72435,75529,74603,73932,78900,646653,614325,577301,530376,500132,
17928875,17594801,16237307,17473028,17782634,18043321,17144517,15371069,14100700,14390385,
13488,27478,24431,33943,25787,97824,120718,145016,172330,205778,
0,0,0,0,0,0,0,0,0,0,
95043,129279,76632,90864,33422,1709933,1760095,1819337,1889045,1876586,
90362,91395,94233,105383,101527,1226414,1207790,1165095,1141703,1141218,
546652,560937,565381,563538,692116,2951443,2684698,2559880,2408696,2373953,
312550,1605,521,127,10001,509533,375013,341208,98607,47722,
122445,123667,132322,138103,432529,448425,442527,396934,377386,0,
-6132,71330,548333,95814,123620,996885,779073,1111938,1092920,1411935,
0,0,0,150000,0,1622765,1622739,1622714,3967908,3753505,
1056391,938927,885762,945491,1067991,5854655,5739018,5460370,5234326,5127886,
95390,91759,96240,93035,100306,693413,646420,613224,556337,520340,
151434,159961,219863,214120,237432,574876,545159,559550,496299,469205,
372687,1648616,3039842,355357,1514358,3125936,5434684,7963204,7705111,8628579,
3563677,3410250,3643090,2850732,2552822,1485909,1153124,1109107,685364,578542,
395418,396312,415902,447468,460180,3570166,3507122,3482476,3457057,3448206,
-9735,-4620,-15577,-66338,112520,1762559,1754127,1719679,1716592,1656919,
15492610,15689077,16109912,16187476,16041067,25264282,23434950,22310993,20710646,20691800,
100,100,100,100,100,235587,235571,245391,251946,223762,
49697,49910,45753,54077,49966,519220,541728,504564,540993,581488,
68374,65353,69069,73319,73106,524064,492536,462095,419247,385136,
212080,197472,199117,230596,274406,1700750,1560426,1458982,1389143,175373,
1602482,1601041,1632459,1631154,1640817,5779454,5441431,5114508,4768608,4690520,
81979,81475,81319,79464,82921,508544,485955,462306,413064,374069,
299883,325543,330455,297272,292563,77366,110283,85862,66976,87174,
331514,357377,369164,403416,424680,2822805,2783649,2748604,2763967,2790794,
1124377,1121487,1102290,1229542,1185237,1745077,1783402,1666073,1690198,1580194,
365872,373491,371344,373936,396180,2264923,2218696,2191230,2113061,2078166,
1135153,201728,1267675,1201813,1399093,13294954,13122874,13133338,13183105,14899327,
115837,120908,117776,121768,135105,754339,711120,629179,556821,493047,
274712,273872,245165,240126,217108,41952,43214,50913,50833,49244,
1140226,1302394,1190695,1207210,1245346,3499384,3323962,3109172,3026068,2834826,
13391,80738,16942,66064,16807,795338,828697,836045,899988,705618,
408535,408211,405245,406338,399611,3193853,3019990,2854488,2681630,2522688,
3955805,5105193,5429326,5468986,-89257,1341082,1767614,1619255,713265,0,
125736,118791,115063,101001,84041,972807,944132,849379,847411,782016,
510878,624154,794471,820763,901318,2259074,2154990,2171012,2269776,2414254,
152796,237288,231317,263975,230476,411475,403629,423755,425751,431532,
235763,206792,224379,228518,367148,1362584,1285986,1214756,1171582,1182424,
718866,745745,742063,760541,725356,3917135,3742252,3552792,3313126,3141608,
160910,50168,274009,307185,353634,1871102,1749449,1728626,2000619,1800667,
111662,115980,110986,117082,131132,665334,625988,548801,498273,453345,
196519,199009,216379,476868,510870,906278,858956,812565,772194,0,
761350,753073,742951,800914,784473,4852926,4924352,4870970,4701097,4533374,
952869,960393,1137106,969991,951096,7698481,7582120,7619299,7430560,7324737,
768700,985132,596812,318783,538153,5789476,6645087,24483623,4650246,4524402,
991653,1079509,1102864,1117261,1070313,3487319,3471317,3379364,3337415,3233630,
235469,233070,271404,211960,303199,1193597,1146706,1103841,1020190,982267,
1194523,1478876,1622821,2023077,2176611,181821,116429,195735,319434,456670,
272933,255689,268430,284001,276708,1592421,1481360,1387523,1256944,1186193,
500066,435409,481689,575269,429182,1145569,1068498,1036438,1019591,821505,
576332,433648,641062,528937,534239,2266011,2116360,2037485,1751805,1963630,
1558436,1435198,1054107,1041143,1086361,4692224,4998906,4567909,4423410,3800754,
702317,704170,1281810,2226273,1813646,10018732,9331267,9384744,10162453,9626917,
434289,440040,482171,597218,794774,2351244,2269421,2207881,2148699,2260181,
10198707,10415253,10749701,10556314,10514363,45859444,46159526,46521443,46051268,44374468,
5342241,4706403,4105155,3413723,1403734,2548208,2243136,1728244,1609567,0,
736425,459986,611396,348760,365256,146819,128424,139116,190584,276811,
395875,426912,424920,533987,499198,1392939,1343795,1296313,1332307,1299996,
102620,130693,151526,162842,147529,731064,836157,760635,740773,686773,
200905,235157,250747,284362,282251,433498,445151,457397,544789,641567,
3417,33,1355,3297,5288,1065742,1059500,1054505,1962665,1963603,
720595,718494,721547,778310,787830,4420941,4396251,4316673,4275335,4255652,
3726472,3505618,3283938,3277267,3612224,917183,1042267,619996,632913,784110,
338985,320592,264570,267971,256312,548952,594214,651550,671859,757495,
1139401,1147611,1163180,1316199,761424,13153915,13229879,2183945,2091386,0,
1466945,1423091,1516800,1532381,1636894,6856641,6857266,6602224,6574523,6354559,
634593,1011380,997273,1006903,1637361,3107284,3207654,3383738,3528870,3759795,
309574,300485,298370,298587,294928,2296672,2310149,2308976,2347228,2375781,
24276510,28960531,24782805,30159358,21105622,189569187,197605539,208438543,177958175,172180125,
1078827,1039486,1254057,1064381,1398710,2626215,2840756,2539503,2319850,2265366,
559217,577306,638098,666469,676015,2821672,2727577,2649193,2571127,2622935,
313901,451795,264023,564074,295565,1323191,1222805,1161681,1430769,1408021,
807809,799587,792780,997413,1057207,4566265,4378912,4081720,3987683,3930820,
340335,310111,277909,300584,3036617,1754957,1604452,1513423,1274184,0,
19286455,21712222,22711550,22751459,21108224,12716385,13735384,16651712,18197756,23609740,
865874,845246,934377,1102775,453102,2091810,2464343,2843052,3455211,3161294,
89874,101846,91492,71924,28517,2409896,2400084,2491576,2563500,2592017,
2660322,1958810,1531816,1443636,1014814,7514093,5799383,4982908,3606765,2320292,
7027442,10690359,9241637,8968108,10713943,13877566,17430967,16481191,18599484,18912207,
7873116,179320,192166,201318,210915,4107847,4287167,4479333,4680651,4823753,
178625,203618,217202,216880,208343,76943,130954,78342,118130,55488,
1041831,1053184,1298819,1288110,1278614,3333308,3251512,3480108,3668406,3783899,
14842,11735,13723,12979,13832,541582,483223,444914,388486,331172,
677765,715581,767821,795306,798407,4750066,4419068,4243258,4097030,3590802,
640220,646731,653188,691437,708075,747534,706208,757015,492807,424677,
1193066,1197829,1197985,1202656,2634295,5649839,5466896,4908887,4635193,4808548,
80899,80218,79790,81439,83840,723853,684514,649195,615571,581808,
3586208,1453451,1764765,1281848,593793,2259354,1843280,2114300,2372031,2240433,
736359,747619,759488,784137,788713,11506576,11200391,11020538,10780080,10527030,
83295,83244,84447,83287,83310,720242,732482,770580,780691,782799,
-16335,39945,39513,229756,35089,4083320,3305862,2124938,2019243,1846677,
1543717,1571202,1524937,1524937,561296,0,0,0,0,0,
157904,156571,160883,157418,151066,4366444,4205677,4078869,3960828,3793014,
24749372,25222583,26832134,27146459,28560553,282989356,263120595,243525827,234450414,229515666,
61406,63213,61907,62494,61790,958190,941840,917661,909328,556161,
1789929,2233158,2090822,1940882,5941615,39818,52380,68026,625046,1905962,
-329080,-131529,2022379,1898461,1909960,3716947,2712752,2591043,2375541,2151240,
477900,537259,484168,503895,454500,101597,150833,93854,98571,211030,
479867,498956,520729,536335,591956,1295366,1221533,1135841,1085043,1782,
0,0,185868,375572,77576,3097803,3097803,6233388,6608960,6686536,
755683,537465,734538,783315,841936,9297507,9824972,10549510,10860134,11696070,
-49988,58069,63675,-10924,-60593,1392498,1302389,1309184,1276821,1195385,
247495,204804,246303,737464,260793,6377424,6353042,6353015,6738480,6590376,
1730541,2555876,3190957,3566850,3203328,11753151,16052002,16393466,17708762,17917189,
541267,202258,202258,202258,202258,6257065,6459548,6661531,6863514,7065497,
1959133,2051869,2175896,2060838,2312455,25367593,25056161,25208596,24583043,26961563,
1465447,1485726,1511295,1513247,1547417,7629157,7036201,6872831,6595011,6377035,
4052149,2298971,5083434,2441421,2414429,4709960,4932241,4272618,2818475,2557549,
1828143,1738499,1823482,1919438,2325940,7386173,6710949,5899901,5075235,4467648,
1462503,1430633,1481736,1484825,1456661,4522986,4059182,3943371,3826567,3618855,
2630992,4560291,3673835,3814693,3660005,6679756,9756932,10457086,10451473,17655094,
558299,592206,666936,631815,674975,1663364,1545433,1580577,1459454,1413419,
66475,177545,117717,65704,65971,670061,792971,857871,851015,852143,
3067137,2761219,2506330,2548645,2570530,7567829,7992024,7683513,7385308,6711624,
2759165,2580722,2572705,2603997,2626086,5747029,5510462,5343636,5301805,5321641,
42784016,42983933,44596220,50216998,48638926,16757691,18725706,17689689,21668548,24943891,
7735155,7872897,8003992,8106514,8436565,15874136,15315458,15137512,14554388,14595955,
1317911,1425117,1706279,1504703,1549705,685938,614520,839727,699815,797782,
2554220,2178866,2453641,3010905,2305346,7997969,7870759,9104665,8612296,8813908,
1395791,1400804,1512464,1499149,1517662,6954152,6240565,6300436,6053186,5975202,
2655047,2720068,2725218,2729045,2782772,22104612,23504922,22858150,22072904,21561109,
1100189,1116715,1130855,1163860,1188297,16865520,16928655,17236651,17287401,17222646,
251405,246902,242194,229780,318978,5748409,5699085,5337659,5107544,4715273,
11593221,9195064,15233670,8228855,9183460,46620648,48348617,56579926,61811532,64176675,
124445148,154605230,183072283,59908872,203657710,48950081,153479746,178662532,0,189295688,
2775653,4912821,7398607,7600922,7989776,42087059,59407470,67435713,66776785,65580291,
4053835,3332662,7359996,2894881,3410833,17108160,17028657,21225707,21964586,22488568,
500341,499013,241,130,317,933093,688894,1025253,820568,1226,
2118143,1771185,2329301,1909822,2452686,1380342,1392876,1483198,1465717,1655221,
21494767,27529147,34653725,43822817,41412403,50564898,56552394,106930485,122411046,138485239,
20652598,23019320,25453772,28065878,30363241,16037119,17436796,17858145,18397930,22707990,
1093459,1120499,1170604,1194731,1197711,12045393,12742372,13107157,13061508,12658585,
6192961,1875594,1993017,2000898,1861678,10121964,9214882,9081185,9560480,9437019,
5133379,1322295,5230403,11938201,10102313,6176505,6964316,6616357,12070763,15482961,
469446,488948,486088,477892,428353,818760,944300,994209,1042212,1028257,
0,0,108488,406828,254970,0,0,693362,1060156,840256,
614004,559111,735606,755847,739638,404043,330352,327339,580902,364043,
121893,-274069,-851358,-680752,5469048,10586641,10566416,8975350,9814344,0,
7027,-12749,106887,-56146,1093172,2717679,2769382,2661118,2628574,0,
463540,461203,467342,471169,459646,775342,941960,1160647,1379817,1970950,
4866918,4853563,5435275,3226469,5804712,4573166,4576185,5681303,0,5248967,
1732614,2621777,1531723,1537353,7072851,9409620,9776904,10327448,16109891,26564478,
3131277,3297113,2842580,2903237,3662807,1573459,3422203,4682788,3003425,3730887,
42461593,3082174,3274193,6618048,4128031,107422120,107810674,120288526,145867825,133848540,
354824,1107617,475961,431236,468905,6143935,6590156,6429186,6836489,7299162,
3017938,2963960,3170269,3163798,3213911,10748388,11157058,11673374,11701450,11877479,
4865093,2284148,2189395,3044260,3449668,2117601,1859913,2577232,15286803,14925442,
2545651,2545716,2455765,2514849,2445253,6874682,6772596,6944869,7509297,7367802,
1892002,141755907,5818276,18411,21533,611779,659706,881399,772249,786784,
1100057,1205439,1215464,1224537,1288406,2099163,2014198,1966878,1909174,1833765,
45944,45944,45943,45944,45943,2236727,2282671,2328614,2374558,2420501,
2756011,2802952,2823888,2864616,2931205,13114378,12340225,12047531,11884022,11657861,
2214035,2570729,3100388,2192563,2764082,1863534,2116897,2447901,1653798,2349862,
543568,437531,319892,310613,301489,2148557,2012559,1906448,1811519,1700202,
42732819,54628157,59351594,80113763,215858879,940210908,1003612478,1212783861,1186023708,1327087827,
282886,655737,306423,317893,323701,1924985,2273695,2274301,2274726,2277581,
56666,57175,56800,57755,56067,66535,76868,79405,90198,90098,
169096,170391,186026,191231,192122,497443,560369,579139,547707,541451,
954256,977328,1013026,1053051,1107588,4717715,4534512,4419848,4289694,3997943,
219604,218792,369351,224914,225060,6720122,6940689,7306716,7531655,7758640,
2126456,2601724,2166508,2101337,2128634,4899312,5383992,5444524,6184909,6059977,
1576399,1649106,1671435,1688251,1699218,4503683,4527635,4558869,4537067,4314390,
13200,13200,13200,11853,13200,429354,442554,455754,467607,479064,
246427,246427,246427,246424,246428,8009644,8256071,8502498,8748922,8992775,
475,564,563,564,56470,1410339,1410282,1409264,1409828,1430839,
7300221,8522793,8867502,8423937,7362299,54260016,57207660,54355984,58781639,61090888,
125298,227679,191468,144565,149381,1376176,1384729,1348493,1317430,1288911,
3018957,3109780,3359027,3412423,3580745,14838420,12835753,17146443,16998156,17004371,
48767417,54384842,57396963,60413281,61322643,25722591,24847618,24504802,28503249,27923598,
9154847,9130557,9230487,9605483,9984759,17144009,18827306,31968363,42300719,55437810,
5423257,5648819,5543867,5161537,5501011,13029654,12157634,11897765,11887270,11437149,
338221,340566,340566,340566,340566,10706279,10748164,11088730,11429296,12082957,
1501028,2297272,2450436,2368116,2660615,2211613,1831804,2376059,2594448,2775605,
1063267,1155163,1179043,1191210,1196464,3824704,3734657,3486422,3451860,3365607,
1879399,1899552,22334989,953255,945531,2770768,2652218,22971071,23741758,24571249,
353173,384988,522756,455052,436599,223189,218443,246431,258942,252356,
212318,162895,180465,322021,189827,746651,741814,760550,60594,39396,
112753,112631,110006,108636,112769,1839488,1733125,1683558,1633972,1589863,
105600,111646,112479,108393,107250,1675198,1585251,1559317,1506671,1475209,
270442,419126,81904,215975,2842953,733188,616193,471472,343841,2701643,
440747,513949,607033,533284,694885,1240799,1302387,1487035,1538825,1800079,
11897292,11893358,12035065,11864048,11207077,59592384,61657739,60595221,61228941,65409022,
722027,715442,680271,634605,616924,814146,856271,825654,831762,785808,
76030,69901,225470,251715,121468,2439169,2566424,2889629,2653806,3150996,
577921,947761,598969,669914,1274838,2851117,3258266,3577291,3549566,3975583,
2344190,2494506,2279014,2452848,2679285,1181818,407285,1034844,1616604,1196823,
1340873,1448820,1423329,3329311,122026,2384644,2298481,2290748,2160047,0,
325815,320877,316443,312187,0,888416,928523,948219,1063200,0,
32545160,35771576,39859576,45781121,46945105,12622355,16350550,19176460,19847481,23116444,
2507738,2550786,2604251,2736429,3510646,3944309,3797914,3639925,3629622,4413569,
1589200,1591244,1780651,1829314,1848009,1335886,1087296,3061384,3376201,3655650,
277660,205951,429625,282000,253924,250804,173018,191610,184992,165459,
7350600,7322218,8363409,11714748,7380820,15529123,18497784,22171814,16710714,18691664,
2133689,2054497,2103936,2071881,2126166,7085507,6962272,6686236,6962569,9071726,
351211,389354,400431,392006,530573,1969144,1739316,1576158,1587893,1552329,
1180406,1200943,1260703,1295391,1406357,1734818,1572979,1715633,1728241,1919591,
1680604,576285,710505,1806917,2133408,5579640,5595364,5931017,7337505,9016174,
-107148,-215197,-84189,-143119,-245365,5461155,4670585,4381631,3780516,3442584,
601282,830083,2009135,580337,738473,2056328,1349930,2606148,1848303,2422548,
3063334,3307615,3521190,3637178,4142308,3630809,3591572,3280716,2900578,3428184,
10000,10000,10000,10000,10000,1105260,921050,736840,552630,368420,
3435572,2943995,2985582,3492412,3804173,2516892,2570918,2654823,3654466,6190400,
1145123,1168266,1548046,1231662,1079242,5217543,4897730,4896470,4651765,4310358,
964724,940007,929931,863541,912999,1847956,1613435,1490262,1374967,1267844,
1461240,1480956,1619543,1869849,1876950,246235,8428,237619,408013,235733,
864843,30000,0,17852,466545,2289097,1882811,1616886,1631043,0,
668803,668803,668803,668803,668801,11344961,11104431,10834942,10574944,10304629,
398580,401000,351769,378814,529095,1120228,2109239,1757277,1809995,2353882,
1657545,1694073,1681192,14135167,301847,2093400,1898363,1396963,3041878,3326076,
1347529,1372622,1418471,1387676,1475312,4195308,3987175,3472785,3054081,5545214,
45715633,40343879,38714966,31790792,30437940,97667781,100693198,104657704,113982967,112588636,
725917,742463,783881,783007,826646,2924659,2769557,2688485,2644973,2721737,
999219,2293,6395,5947,3632,333548,306834,314484,320431,324063,
771775,847642,726297,1928121,383466,14714109,15137022,14530874,15931131,15762821,
2900974,3001209,3414885,3363555,3588882,8818580,2793986,3183572,2977291,3639952,
1297927,1272258,1424061,1265449,1322921,7844734,7740914,7827743,7700371,7616159,
421445,333269,1437619,466851,310070,2015104,1979864,2257703,2286922,2076917,
21815,21815,21815,35408,18179,705260,722075,743892,779300,798124,
624943,192,79,316,175,8391945,7855746,7321399,6811549,6353260,
900322,598121,664863,1154032,1874479,290264,134310,98679,423968,454667,
23752891,18025197,11479984,12569222,14285535,10885978,9193524,7051267,5793482,7925851,
2135149,1987796,1889619,2010319,2063494,13593598,10545751,10846773,11027615,14408311,
38470,38470,38470,38470,43908,782819,782819,782819,782819,784819,
540640,561389,569208,578726,634484,12789683,13233377,13202979,13573427,14089808,
13598950,13749467,16935005,12384474,11349706,19589798,18783671,17494554,16221469,14841846,
1301323,1259249,3722850,215561,189618,5290907,5361223,137815,118723,133237,
367611,295276,427968,427870,455258,483432,482080,478117,491706,507830,
26672,27544,28546,29769,35308,727157,754701,783247,813016,848324,
800980,793754,1375619,1299940,1264414,4801526,4213431,4318007,4527811,3858047,
1991434,2003264,2022936,3285588,3052401,5411050,5173653,4978722,5989419,6303674,
50560,102307,24976,31095,7525,476020,602585,577342,611520,224778,
810446,818039,818886,15901,0,1847160,1796393,1777383,3672790,3672790,
1229519,1131003,1201580,1053161,1445946,1073821,749704,1080020,1049747,1398440,
1600000,1600000,1600000,1600000,1600000,0,0,0,0,0,
1381527,1388782,1337342,1527599,1385444,799508,1054563,836138,979008,1494877,
98771,103801,103457,107325,111999,1934315,2010615,2108679,2211541,2320922,
1655731,1627142,1693368,1685459,7873027,4804868,4578407,4662350,4556405,103700,
386347,376301,396810,398415,1861088,1306521,1270026,1205712,1164544,780199,
32207733,31834289,33445427,36971543,39475315,20122726,20111184,17886356,19798635,23323979,
1459223,1442965,1438474,1383610,1401194,851200,729673,965341,1120914,1037572,
1132264,1090678,930749,1022538,1178669,4270328,4254709,4205554,4075394,3813885,
464641,475375,526599,487636,462812,500950,603871,472198,413133,403398,
466854,477066,325657,336008,346646,1569408,1672727,1592280,1396891,1585027,
1845472,2209982,2005011,1806963,1959164,1970899,2612240,2643654,2667608,2572679,
1245929,1244584,1200417,1217847,1219943,3868435,3832284,3764416,3755540,3790995,
889375,784880,789420,848790,790030,2976101,3016373,3106541,3734847,4076316,
3721562,4851129,4459550,5088851,5032465,5433367,6742747,6552972,6729751,7052585,
1155217,1252018,1304826,1096337,1063207,294089,359581,386520,332834,488831,
0,0,0,581489,308150,0,0,0,7551206,8174022,
740194,1059347,931161,568381,739463,7056394,6591041,6690780,6218330,5905648,
317345,322249,322371,322249,322249,6842257,7093423,7414405,7736545,8058794,
975330,987169,993811,1027854,1202064,3493996,2680841,2356660,1983137,1974034,
291208,302073,313600,325546,342692,6398942,6561812,6874137,7199683,7542375,
5426298,7005157,8794163,11906127,12065703,10545842,11078941,12090552,13292233,14939147,
814739,723771,842375,792145,1081005,15557341,15396933,15013149,14556473,14395579,
230477,295147,278393,309845,326141,3519630,3741477,3955043,4168755,4455298,
1621153,1648034,1645570,1696979,1723788,8128015,9129257,8716340,8316095,7897036,
3781540,2889400,4580149,3663861,3044022,2654475,2331310,3413196,4430594,4821234,
1857191,2720609,2612720,2471874,2853248,2342216,2446398,2610426,2529058,3252902,
1055596,1083395,1056903,1450897,1311729,3163879,3128672,3003355,3265406,3289543,
0,0,0,0,0,0,0,0,0,0,
-155163,-179798,-49946,26804,-411989,3743981,3207111,3044353,2999031,2661562,
4956790,4122421,3313313,3694532,2075917,5846517,4965426,4723646,4666987,3459014,
340564,335410,335974,320970,2967882,643843,664257,543620,518001,1580248,
49472,1486530,1555578,1540717,1584029,3437736,3394307,3272003,3230225,3132109,
31638,32672,33862,35315,37028,737432,770104,803966,839281,876309,
620577,748122,814371,914902,1023446,9258633,10015121,10842048,11745585,12696031,
1911349,2517943,2414756,2730154,2982793,604221,653778,637968,924377,1196070,
961746,973256,1100742,1396417,1578364,592590,522955,682547,866844,1111020,
2213835,2242761,2267273,2317390,2360747,8192791,6472983,6335219,6150702,6053454,
450230,428713,422476,439283,458352,405778,355780,341747,322084,286010,
1577971,1558676,1554582,1472108,1510393,4318639,4098933,3849831,3523653,3350168,
1014627,949895,948754,982253,6061784,2711229,2653899,2593650,2539086,3579038,
2820770,2799109,2662766,2688694,1707921,5025234,5016036,4810572,5558601,5326981,
3040129,3059668,2841486,2887996,2820866,6731842,6078315,5957982,5824774,5689480,
0,331836,2162606,24710,0,0,193618,1363147,1372306,0,
12487331,12092097,13370002,13956418,15017287,10770598,10389485,10342029,11109921,11380717,
0,0,1003943,1003241,2076,0,0,1106073,2083563,2058403,
1025458,987503,1052411,1009443,1006884,4684775,4559628,4518301,4135962,3977783,
73111,268461,517122,284109,863,192351,201780,250745,213489,0,
353045,341941,359046,391402,372024,659680,685267,735002,838268,629580,
96034,75749,79033,103335,91416,168940,178937,184089,182957,205575,
330842,368231,355768,357369,458605,661080,681491,667127,631643,643066,
259513,260805,268018,279869,276175,5513071,5523876,5668379,5624735,5900910,
-92617,1496455,1562798,1744916,1903054,3458298,3422049,3288237,9011547,8185535,
90016,90017,90000,450646,280541,567480,474684,384065,623020,717073,
205295,133583,104,47,0,1455341,1577185,1577209,1577256,1577256,
925185,938862,932030,932350,953890,2438368,2480233,2434006,2526973,2608326,
244779,203417,219518,226980,217151,747031,727507,722689,657131,606452,
0,0,7371859,337679,0,0,0,7371859,9306421,0,
8565604,8576549,8643805,8671693,9090923,49405708,47346089,45395658,43748501,41225680,
0,0,863,846,0,0,0,18554,19369,0,
507300,498365,539299,901793,398629,1854407,1792154,1717743,1598889,0,
20333,20333,20333,20333,20333,657332,672665,690498,708331,727221,
211123,223025,226551,217275,219415,2562334,2624662,2666657,2701335,2966207,
704972,894202,1110456,1258756,1262485,4914490,4973340,4781863,4664958,4536697,
1307438,1304266,1312613,1314108,1317909,5307109,4452769,4132601,3677882,3373508,
828229,583950,695377,1032626,1084258,2693035,2623706,2763702,2691374,2708891,
198286,202639,209305,209284,203567,1006863,1055756,1100069,1167253,1116092,
1062210,1044018,1708665,1696650,1865458,862287,739586,5077888,4849314,4331863,
660050,636512,824981,1022380,1022337,2567061,2344056,2265764,1876804,1754847,
807990,829647,919319,935589,1036342,4155357,3980159,3836178,3684187,3661821,
803141,810936,1001676,1003796,1001080,4988857,4941197,4946853,4654831,4416128,
447616,447549,447475,447480,447481,5380034,5191762,5003850,4751484,4565029,
1110186,1096897,1134862,1222497,1467168,5813162,5219562,4809379,4271669,4069364,
1278724,985833,1255473,1335089,1540693,6273536,5882688,5738861,5441307,5436687,
5635338,4207836,3839866,3536779,3536078,5344113,4855145,4239588,3886784,4607544,
1071979,1121879,1165167,1147697,1734177,6451171,6272953,6032993,5658392,5983411,
1666815,1661255,1705421,1713035,3389096,5224380,4941350,4088448,3919169,3606753,
463073,545811,525173,513800,482824,4993259,4458312,4319990,4157431,3991788,
267451,231963,291020,550726,192845,1144192,1008279,961553,1400175,1314945,
27733,238170,96051,60276,30527,560290,729599,668510,588807,544302,
1003475,1008392,712453,564125,675074,3753354,3599915,3380659,3192423,3038642,
2056035,1421629,1454004,1517532,1538660,5092037,4739232,4574135,5579001,5986257,
275251,275251,275251,275251,276026,9934103,10209955,10512466,9360631,9300440,
439600,418968,449594,454871,446789,2578279,2330164,2345888,2267356,2208195,
53420,37695,56416,51320,49644,233929,198293,201136,197144,176500,
2594226,2943412,3048134,3022575,2658792,10850504,11297570,11843132,11608463,11728868,
328211,420297,638647,721336,750735,234376,214332,238806,159357,137641,
834010,886093,899172,904128,927305,2854414,2944426,3096689,3190462,3279833,
2175726,2211867,2564233,2251920,2434746,9924636,9629690,9610212,9890231,9682408,
117999,117999,117999,117999,117999,49401661,49401661,49401661,49401661,49401661,
143765,143768,143771,143774,506435,996227,958488,4460120,4343759,4252124,
1769049,1541963,1660194,1569935,1636552,5511113,5188115,5127269,4763048,4420266,
1093156,960241,907588,910646,952660,2487546,2541831,2584308,2586205,2723745,
226357,264975,295563,319072,310094,1150592,1160155,1098119,1044405,987005,
861205,953024,869510,732306,559266,1303097,1797493,1757348,1746715,1584672,
109133,109999,110269,110305,110885,664574,645109,613812,609651,579122,
87290,84872,86306,88868,94389,1056385,900931,829026,655009,514356,
2115680,2224649,2562074,2340196,2381592,531316,2987960,2977876,2829934,2863745,
297849,317735,296163,295914,334557,1009340,1037442,1041469,1022779,1098357,
403615,392557,377203,388204,399859,1454034,1447821,1424822,1401144,1452776,
132384,133514,185102,194976,201185,1193799,1141368,1135686,1161859,1191704,
207807,510047,559765,431321,483126,3073865,2892184,2524195,2727308,2685675,
505312,618493,597090,572525,540334,2966453,2714861,2711647,2742830,2727101,
643331,639739,693603,664478,735653,984422,787855,1125840,775789,492423,
522845,540001,538082,547872,610747,5112587,4885459,4723814,4580224,4373257,
29866569,28950977,45398946,43226870,38423512,124569171,117451905,152435479,176989491,194885584,
2005563,1869214,1932809,1926027,1943629,1055202,936818,1281209,938280,1332221,
329259,320014,344943,348365,350847,2297599,2207459,2170124,2136627,2103232,
3984537,4017831,4013584,4059041,6731741,26829396,26233746,25459996,25123485,14224205,
135615,141436,168244,121185,105120,1001713,977770,919701,608911,515717,
629309,600419,3420041,5528027,4370553,3597936,3398895,22625181,41822629,46498236,
598464,608901,628690,652669,649853,905201,1304113,1302620,1346911,1338406,
22264861,22427879,26591187,31101051,37247775,29660090,28506168,29369779,25595105,26790938,
386688,410295,421365,383330,338863,1163424,1122532,1063570,911621,757856,
478528,427957,481210,471706,519355,1657594,1599483,1782110,1604557,1344192,
477498,481319,821899,543282,513205,2707174,2645058,2564846,2564210,2540588,
206720,206685,201145,204371,353324,470148,393876,334543,231858,205657,
312963,58109,68428,931169,95197,4311303,4330923,4381385,5249455,4508666,
1899940,1868605,2244735,2395780,2432210,5441332,5088071,5095242,4887356,4875107,
1654423,1728220,1650614,1687759,1634615,4897510,4792795,6348882,6398865,6102204,
241140,255412,256462,291086,277336,920332,926265,917382,903151,950795,
0,0,0,2156553,0,877531,769489,661447,553405,445363,
527885,132850,139188,144196,149034,784691,464625,398243,361968,308396,
5009414,5076055,5214153,5164224,5244822,18109827,17511589,17066386,16656751,15512607,
354805,377172,388904,375533,383920,1829515,1702469,1592343,1412697,1344427,
652453,661090,743188,754510,763224,3173301,3182248,3999403,4804179,5217824,
495769,495329,495894,495990,501691,1114361,1112746,1093631,1088387,1100938,
795465,784508,796731,800356,844055,4932296,5029391,5138518,5250786,5295359,
845118,845145,845056,845053,844186,26748066,26854936,26964742,27073195,27242701,
562938,449879,401523,413496,351388,728360,854419,590643,747486,686287,
848810,941606,940455,1163398,908681,1781567,1660740,1573968,1623336,1452967,
2850699,2750063,2392395,3116906,4102794,0,8227721,8166760,8852748,7478607,
2243610,2217300,2069343,2270818,2313270,603980,826534,391505,341695,423716,
712088,862936,852920,891497,954318,3583083,3285165,3061719,2982688,2929427,
1880816,1882382,1949340,1982510,2065455,6025525,6221421,206076,351749,647181,
68306,92908,65573,65546,317348,6539,17873,5023,12365,224401,
821386,986855,896202,2953331,1245933,10888867,13059539,13927682,15577307,16910834,
476169,452019,544418,484182,464605,4397348,4357167,4458144,4612486,4560972,
1113456,1407150,1965731,1391439,1330828,6106888,6366678,7838141,8089129,9184533,
66200,66800,67400,68000,68600,677447,635674,608797,589441,561582,
127712,139084,150907,148203,2249,1006722,947840,899855,853913,0,
790123,857001,599234,599548,1233717,4962621,4363460,4248380,4071616,3987477,
583458,596310,585345,638847,372507,1873438,1521554,1257873,5401441,5194006,
201478,197135,718090,60885,27924,424222,429939,807299,715277,713588,
1615013,2098304,2092741,1663689,2168749,5501150,6215661,5679493,5203359,5213469,
216453,223987,243966,242831,978182,1637258,1658529,1445913,1408757,1822818,
6094936,6287105,6707695,6809106,6913734,27240455,26644812,26546551,26111387,25826097,
225671,258190,261306,258190,258190,5461261,5683356,5942792,6200707,6458621,
58104,60032,62192,64856,69497,1434127,1494159,1556351,1621207,1690704,
1582757,2372263,1446739,1357046,1405627,3817287,4052966,4209705,4284449,4181646,
409203,408381,407122,418847,481283,3062154,3172036,3143228,3164796,3285088,
2675682,2828867,3155165,3294736,3310874,30073007,29975006,30037084,30386143,30419851,
34096342,36143750,35204805,39395495,48925659,19144189,20731617,25878865,28451573,31660998,
,,,,,0,0,0,0,0,